{"IC348": [2.35, 1.16], "NGC1333": [0.035, 1.7349999999999999], "NGC2024": [2.585, -4.165], "NGC2071": [1.4, -2.255], "OMC23": [2.4, -3.34], "OPHCORE": [-2.865, -0.455], "SERPM": [0.05, 1.16], "SERPS": [1.22, 0.92], "DR21C": [0.67, 0.0], "DR21N": [2.13, 0.0], "DR21S": [1.57, -0.82], "M17SWex": [2.3049999999999997, 3.38], "M17": [-0.085, -0.12], "S255": [1.64, 0.0]}